Neighborhoods,,,Neighborhoods,,,Neighborhoods,,,Neighborhoods
Bayview,,,Glen Park,,,Noe Valley,,,Presidio
Bernal Heights,,,Golden Gate Park,,,North Beach,,,Presidio Heights
Castro/Upper Market,,,Haight Ashbury,,,Ocean View,,,Russian Hill
Chinatown,,,Inner Richmond,,,Outer Mission,,,Seacliff
Crocker Amazon,,,Inner Sunset,,,Outer Richmond,,,South of Market
Diamond Heights,,,Lakeshore,,,Outer Sunset,,,Treasure Island/YBI
Downtown/Civic Center,,,Marina,,,Pacific Heights,,,Twin Peaks
Excelsior,,,Mission,,,Parkside,,,Visitacion Valley
Financial District,,,Nob Hill,,,Potrero Hill,,,West of Twin Peaks
,,,,,,,,,Western Addition
